11 - 19 BELAIR CLOSE,Park Ridge,Queensland,4125
10 PATAMBA STREET,Gelston Park,New South Wales,2650
28 / 14 - 18 PEGGY STREET,Constitution Hill,New South Wales,2145
1 - 9 MIDDEN COURT,Ningi,Queensland,4511
22 BREAKERS WAY,Karangi,New South Wales,2450
2 / 85 ABUKLEA ROAD,Eastwood,New South Wales,2122
1 MIDDLEMISS STREET,Everton Park,Queensland,4053
33 / 14 - 18 ETHEL AVENUE,Allambie Heights,New South Wales,2100
1 SEPTIMUS STREET,Erskineville,New South Wales,2043
44 CASTLE AVENUE,Goolwa North,South Australia,5214
1 SEPTIMUS STREET,Abbotsford,Victoria,3067
9 MIDDLEMISS STREET,Lavender Bay,New South Wales,2060
77 ARLINGTON STREET,Banksia,New South Wales,2216
7 BENELONG ROAD,Cremorne,New South Wales,2090
1/77 Hayberry Street,Royal North Shore Hospital,New South Wales,2065
11 THIRD AVENUE,Lane Cove,New South Wales,2066
88 CAMDEN BOULEVARD,Cockburn Central,Western Australia,6164
1 DARLING AVENUE,Middle Camberwell,Victoria,3124
1 / 56 BLUES POINT ROAD,Lavender Bay,New South Wales,2060
1 SEPTIMUS AVENUE,Punchbowl,New South Wales,2196
25 ILLICH STREET,Nychum,Queensland,4871
1 THIRD AVENUE,Lane Cove,New South Wales,2066
1 CAMDEN STREET,Enmore,New South Wales,2042
